tail,f1_macro,accuracy,uuc_accuracy,inner_metric,outer_metric,halfpoint
0,0.22877089985657625,0.6936475409836066,0.9991182572614108,0.1047,0.6936475409836066,0.10452231206948188
100,0.8313173818525903,0.7176229508196721,0.604304979253112,0.9361,0.7185450819672131,0.531000056724715
200,0.8557477330615825,0.8137636612021858,0.7699688796680498,0.8982,0.8143101092896174,0.6222376169033599
300,0.8514143716320102,0.8427595628415301,0.8343360995850623,0.859,0.8430669398907104,0.6510535091708353
400,0.8371984477624044,0.8534494535519126,0.870850622406639,0.8199,0.8536543715846995,0.6564451561249
500,0.817092647420131,0.855191256830601,0.8939315352697096,0.7805,0.8553620218579235,0.6479867164798672
600,0.7985021392807915,0.855191256830601,0.9114626556016597,0.7467,0.8553620218579235,0.6378235243871189
700,0.779345732026685,0.8531079234972677,0.9251037344398341,0.7143,0.8532786885245902,0.6241698706745893
800,0.7627951638063339,0.8502390710382514,0.9347510373443984,0.6873,0.8504098360655737,0.6104992005684846
900,0.7437676087198214,0.8456284153005464,0.9426867219917012,0.6585,0.8457991803278688,0.5929761368752814
1000,0.7226425341049943,0.840266393442623,0.9491701244813278,0.6303,0.8403688524590164,0.5740437158469945
1100,0.7039616788102333,0.8352117486338798,0.9542012448132781,0.6058,0.8352800546448087,0.5566479830928972
1200,0.6869212880678084,0.831113387978142,0.9594398340248963,0.5837,0.831181693989071,0.54136523836023
1300,0.6723980405090406,0.8273907103825137,0.9636929460580913,0.5646,0.8274248633879782,0.5276635514018692
1400,0.6543740738069345,0.8220969945355191,0.966856846473029,0.543,0.8221311475409836,0.5103863145032428
1500,0.6420366438016613,0.8187158469945355,0.9699688796680498,0.5271,0.8187841530054645,0.49825125248133095
1600,0.6269839197921303,0.8143101092896174,0.9729253112033195,0.5085,0.8143442622950819,0.4832731419882152
1700,0.612893532686604,0.8099385245901639,0.9754668049792531,0.4908,0.8099726775956284,0.46863362933256947
1800,0.5998266370221403,0.8059426229508196,0.9779045643153527,0.4744,0.8059767759562841,0.45501630539037025
1900,0.5873019958624855,0.8016734972677596,0.979253112033195,0.4593,0.801707650273224,0.4416346153846154
2000,0.5760168749112972,0.7978483606557377,0.9808091286307054,0.4451,0.7978825136612022,0.4292189006750241
