tail,f1_macro,accuracy,uuc_accuracy,inner_metric,outer_metric,halfpoint
0,0.45005259888893173,0.7542349726775956,0.9989626556016598,0.2824,0.7543715846994535,0.2818363273453094
100,0.8511871675518833,0.7426912568306011,0.6269190871369295,0.9659,0.7441939890710383,0.5617984063281568
200,0.8851952287611045,0.839412568306011,0.7841804979253112,0.9459,0.8404371584699454,0.667961302167926
300,0.8930044572033906,0.872301912568306,0.8420643153526971,0.9306,0.8731557377049181,0.7133767727098506
400,0.893595915687455,0.8892418032786885,0.8769709543568465,0.9129,0.8899931693989072,0.7378758486905916
500,0.8908741200875911,0.8970628415300547,0.8981327800829876,0.895,0.8976434426229508,0.7480775660314276
600,0.8883750064281567,0.902629781420765,0.9145228215767635,0.8797,0.9031420765027323,0.7552369505494505
700,0.8848111030794505,0.9053620218579235,0.9267634854771785,0.8641,0.9057718579234972,0.7571854188573431
800,0.8791658327493177,0.9056693989071039,0.9361514522821577,0.8469,0.9059767759562841,0.7540735464339774
900,0.8730112853915131,0.9050204918032787,0.9435165975103734,0.8308,0.9052937158469946,0.7492109297502029
1000,0.8656166072037949,0.9029713114754099,0.9489107883817427,0.8144,0.9031762295081968,0.7413746017296313
1100,0.8581487157088752,0.9010928961748634,0.9544605809128631,0.7982,0.9012978142076503,0.733774590917448
1200,0.8520124502569264,0.8997609289617486,0.9599066390041494,0.7838,0.8999658469945355,0.7275596398403416
1300,0.8439332935196486,0.8965846994535519,0.9629149377593361,0.7687,0.8967896174863388,0.71740550629958
1400,0.8362842090446573,0.8937158469945355,0.9660788381742739,0.7542,0.8939207650273224,0.7079031349727801
1500,0.8259903055588531,0.8894125683060109,0.9687240663900415,0.7365,0.8896516393442623,0.6946147316797133
1600,0.8175791852125023,0.8863046448087432,0.9717842323651452,0.7215,0.8865437158469945,0.6842754172989378
1700,0.8097667871831057,0.8833674863387978,0.9742219917012448,0.7082,0.8836407103825137,0.6746689530342003
1800,0.8003080020134007,0.8796789617486339,0.9764522821576763,0.6931,0.8799521857923497,0.6629998086856705
1900,0.7901761250402273,0.8753073770491804,0.9779045643153527,0.6775,0.8755464480874317,0.6498177632840975
2000,0.7803092073660266,0.8714822404371585,0.979460580912863,0.6633,0.8717554644808743,0.6380338591766064
