tail,f1_macro,accuracy,uuc_accuracy,inner_metric,outer_metric,halfpoint
0,0.22877089985657625,0.6936475409836066,0.9991182572614108,0.1047,0.6936475409836066,0.10452231206948188
100,0.8316865821708597,0.7182718579234972,0.6052904564315352,0.9361,0.7191939890710383,0.5315729699034639
200,0.8560836250062613,0.8141393442622951,0.770539419087137,0.8982,0.8146516393442623,0.622712146422629
300,0.8515213957300283,0.842896174863388,0.8345435684647303,0.859,0.8432035519125683,0.6512509476876421
400,0.8373444185066977,0.8535860655737705,0.8710580912863071,0.8199,0.8537909836065574,0.6566554541086016
500,0.8171516609417768,0.85525956284153,0.8940352697095436,0.7805,0.8554303278688524,0.6480943286556505
600,0.7985180429272766,0.8552254098360655,0.9115145228215767,0.7467,0.8553961748633879,0.6378780112762685
700,0.779345732026685,0.8531079234972677,0.9251037344398341,0.7143,0.8532786885245902,0.6241698706745893
800,0.7628340348188661,0.8503073770491804,0.9348547717842324,0.6873,0.8504781420765027,0.6106076759061834
900,0.7437676087198214,0.8456284153005464,0.9426867219917012,0.6585,0.8457991803278688,0.5929761368752814
1000,0.7226425341049943,0.840266393442623,0.9491701244813278,0.6303,0.8403688524590164,0.5740437158469945
1100,0.7040307110379922,0.8352800546448087,0.9543049792531121,0.6058,0.8353483606557377,0.5567502986857825
1200,0.6869991371000302,0.831181693989071,0.9595435684647303,0.5837,0.83125,0.5414656771799629
1300,0.6723980405090406,0.8273907103825137,0.9636929460580913,0.5646,0.8274248633879782,0.5276635514018692
1400,0.6543740738069345,0.8220969945355191,0.966856846473029,0.543,0.8221311475409836,0.5103863145032428
1500,0.6420945267692336,0.8187841530054645,0.9700726141078838,0.5271,0.8188524590163935,0.4983454665784249
1600,0.6270284457864315,0.8143442622950819,0.9729771784232365,0.5085,0.8143784153005464,0.4833190761334474
1700,0.612893532686604,0.8099385245901639,0.9754668049792531,0.4908,0.8099726775956284,0.46863362933256947
1800,0.5998266370221403,0.8059426229508196,0.9779045643153527,0.4744,0.8059767759562841,0.45501630539037025
1900,0.5873347238173404,0.801707650273224,0.979304979253112,0.4593,0.8017418032786885,0.4416770843350322
2000,0.5760168749112972,0.7978483606557377,0.9808091286307054,0.4451,0.7978825136612022,0.4292189006750241
