tail,f1_macro,accuracy,uuc_accuracy,inner_metric,outer_metric,halfpoint
400,0.8759987619240319,0.7661,0.6151,0.9171,0.7668,0.662213878258358
